序号,变量名,数据类型,隐藏初始值,初始值,掉电保持,网络公开,注释,软元件地址,
1,STATE_INIT,INT,,0,不保持,私有,系统初始化,,
2,STATE_READY_CHECK,INT,,3,不保持,私有,,,
3,STATE_SELFTEST,INT,,5,不保持,私有,开机自检,,
4,STATE_STANDBY,INT,,10,不保持,私有,待机模式,,
5,STATE_SERVICE_REQUIRED,INT,,15,不保持,私有,,,
6,STATE_AUTORUN,INT,,20,不保持,私有,自动运行模式,,
7,STATE_SERVICE,INT,,30,不保持,私有,手动模式,,
8,STATE_HOMING,INT,,40,不保持,私有,回零模式,,
9,STATE_CALIBRATE,INT,,45,不保持,私有,校准模式,,
10,STATE_RESET,INT,,50,不保持,私有,复位模式,,
11,STATE_STOPPING,INT,,60,不保持,私有,停止处理中,,
12,STATE_SOFT_ESTOP,INT,,110,不保持,私有,软急停状态,,
13,STATE_HARD_ESTOP,INT,,120,不保持,私有,硬急停锁定状态,,
14,STATE_PARAM_LIMITED,INT,,998,不保持,私有,参数受限模式,,
15,ESTOP_MODE_HARD,INT,,0,不保持,私有,硬急停直接断电,,
16,ESTOP_MODE_SOFT,INT,,1,不保持,私有,软急停减速处理,,
17,ERR_ESTOP_BUTTON,INT,,1001,不保持,私有,物理急停按钮,,
18,ERR_SOFTWARE_ESTOP,INT,,1002,不保持,私有,软件触发急停 l1,,
19,ERR_CRITICAL,INT,,1003,不保持,私有,严重系统错误 L1,,
20,ERR_SAFETY_DOOR,INT,,1004,不保持,私有,安全门打开 L1,,
21,ERR_HOMING_FAILED,INT,,1005,不保持,私有,急停回零失败 L1,,
22,ERR_TIMEOUT_ESCALATE,INT,,1006,不保持,私有,急停超时升级 | 软急停超时                            | L1,,
23,ERR_INIT_ESTOP,INT,,1101,不保持,私有,初始化时急停激活 L1,,
24,ERR_INIT_SERVO,INT,,1106,不保持,私有,启动时伺服轴报错 L2,,
25,ERR_INIT_PUSHER,INT,,1107,不保持,私有,初始化电推杆故障 | 启动时电推杆报错 L2,,
26,ERR_INIT_PARAM,INT,,1108,不保持,私有,初始化参数错误   | 参数校验失败 L3,,
27,ERR_INIT_NOT_ENABLED,INT,,1109,不保持,私有,初始化使能失败   | 轴使能超时 L2,,
28,ERR_ENABLE_LOST,INT,,1110,不保持,私有,运行中使能丢失,,
29,ERR_INIT_RESET_FAIL,INT,,1111,不保持,私有,初始化复位超时   | 系统复位超时 L3,,
30,ERR_POWER_TIMEOUT,INT,,1112,不保持,私有,,,
31,ERR_EMERGENCY_HOME_FAIL,INT,,1200,不保持,私有,紧急回零失败,,
32,ERR_LIMIT_ESCAPE_FAIL,INT,,1201,不保持,私有,限位脱离失败,,
33,ERR_ANTI_PINCH,INT,,1210,不保持,私有,防夹触发,,
34,ERR_FOLLOW_ERR_EXCESS,INT,,1211,不保持,私有,跟随误差过大,,
35,ERR_SELFTEST_ABORTED,INT,,1301,不保持,私有,自检中止,,
36,ERR_SELFTEST_CONFIRM_TIMEOUT,INT,,1302,不保持,私有,自检确认超时,,
37,ERR_SELFTEST_CALIB_FAIL,INT,,1303,不保持,私有,自检校准失败,,
38,ERR_SELFTEST_SERVO_FAIL,INT,,1304,不保持,私有,自检伺服失败,,
39,ERR_CHEST_FAULT,INT,,2001,不保持,私有,胸冲击轴故障,,
40,ERR_CHEST_LIMIT,INT,,2003,不保持,私有,胸冲击轴限位触发,,
41,ERR_LEG_FAULT,INT,,2101,不保持,私有,腿角度轴故障,,
42,ERR_LEG_LIMIT,INT,,2103,不保持,私有,腿角度轴限位触发,,
43,ERR_SEAT_FAULT,INT,,2201,不保持,私有,座扭角轴故障,,
44,ERR_SEAT_LIMIT,INT,,2203,不保持,私有,座扭角轴限位触发,,
45,ERR_TRIAXIS_TIMEOUT,INT,,2301,不保持,私有,三轴联动超时,,
46,ERR_TRIAXIS_READY_TIMEOUT,INT,,2302,不保持,私有,,,
47,ERR_TRIAXIS_ACK_TIMEOUT,INT,,2303,不保持,私有,,,
48,ERR_TRIAXIS_CYCLE_TIMEOUT,INT,,2304,不保持,私有,,,
49,ERR_PUSHER_GENERAL,INT,,3000,不保持,私有,电推杆通用故障,,
50,ERR_PUSHER_TIMEOUT,INT,,3001,不保持,私有,电推杆超时,,
51,ERR_PUSHER_INTERLOCK,INT,,3010,不保持,私有,电推杆联锁阻止,,
52,ERR_PUSHER_SENSOR_STUCK_ON,INT,,3021,不保持,私有,电推杆原点传感器卡住ON,,
53,ERR_PUSHER_SENSOR_STUCK_OFF,INT,,3022,不保持,私有,电推杆原点传感器卡住OFF,,
54,ERR_PUSHER_SENSOR_IMPLAUSIBLE,INT,,3023,不保持,私有,电推杆原点传感器信号不可信,,
55,ERR_PUSHER_REFERENCE_INVALID,INT,,3024,不保持,私有,电推杆参考值无效,,
56,ERR_PUSHER_MANUAL_PRESET_DENIED,INT,,3025,不保持,私有,电推杆手动预置位置被拒绝,,
57,ERR_PUSHER_CALIB_SEARCH_UP_TIMEOUT,INT,,3101,不保持,私有,电推杆校准上搜超时,,
58,ERR_PUSHER_CALIB_SEARCH_DOWN_TIMEOUT,INT,,3102,不保持,私有,电推杆校准下搜超时,,
59,ERR_PUSHER_CALIB_LEAVE_SENSOR_TIMEOUT,INT,,3103,不保持,私有,电推杆校准离开传感器超时,,
60,ERR_PUSHER_CALIB_REAPPROACH_TIMEOUT,INT,,3104,不保持,私有,电推杆校准二次接近超时,,
61,ERR_PUSHER_CALIB_LEAVE_SENSOR_STALL,INT,,3105,不保持,私有,电推杆校准离开传感器堵转,,
62,ERR_PUSHER_CALIB_REAPPROACH_STALL,INT,,3106,不保持,私有,电推杆校准二次接近堵转,,
63,ERR_PUSHER_CALIB_SEARCH_DOWN_STALL,INT,,3107,不保持,私有,电推杆校准下搜堵转,,
64,ERR_PUSHER_JOG_INTERLOCK,INT,,3111,不保持,私有,电推杆点动联锁阻止,,
65,ERR_PUSHER_MOVE_PARAM_INVALID,INT,,3121,不保持,私有,电推杆移动参数无效,,
66,ERR_PUSHER_MOVE_TIMEOUT,INT,,3122,不保持,私有,电推杆移动超时,,
67,ERR_HOMING_TIMEOUT,INT,,4010,不保持,私有,回零总超时,,
68,ERR_HOME_TIMEOUT,INT,,4001,不保持,私有,回零超时,,
69,ERR_HOME_AXIS_ERROR,INT,,4002,不保持,私有,回零轴错误,,
70,ERR_HOME_ORIGIN_LOST,INT,,4003,不保持,私有,原点丢失,,
71,ERR_HOME_AXIS_FAULT,INT,,4011,不保持,私有,回零轴故障,,
72,ERR_HOME_POS_INVALID,INT,,4012,不保持,私有,回零位置无效,,
73,ERR_HOME_AXIS_TIMEOUT,INT,,4013,不保持,私有,回零轴超时,,
74,ERR_HOME_NO_POWER,INT,,4021,不保持,私有,回零时轴未上电,,
75,ERR_HOME_NOT_SAFE,INT,,4022,不保持,私有,回零条件不安全,,
76,ERR_HOME_CMD_CONFLICT,INT,,4023,不保持,私有,回零命令冲突,,
77,ERR_HOME_GLOBAL_TIMEOUT,INT,,4024,不保持,私有,全局回零超时,,
78,ERR_HOME_START_FAIL,INT,,4025,不保持,私有,回零启动失败,,
79,ERR_HOME_PUSHER_NOT_CALIBRATED,INT,,4031,不保持,私有,回零前电推杆未校准,,
80,ERR_PARAM_INVALID,INT,,5001,不保持,私有,参数无效,,
81,ERR_PARAM_RANGE,INT,,5002,不保持,私有,参数超范围,,
82,ERR_NOT_SAFE_TO_START,INT,,6004,不保持,私有,回零超时 | 单步回零超时   | L2,,
83,ERR_NOT_READY,INT,,6005,不保持,私有,回零失败 | 重试次数用尽   | L2,,
84,ERR_AUTO_GENERAL,INT,,6010,不保持,私有,自动流程通用错误,,
85,ERR_AUTO_MODE_UNSUPPORTED,INT,,6011,不保持,私有,自动模式不支持,,
86,ERR_AUTO_PARAM_INVALID,INT,,6012,不保持,私有,自动参数无效,,
87,ERR_AUTO_MODE_LOCKED,INT,,6013,不保持,私有,自动模式被锁定,,
88,ERR_RESET_TIMEOUT,INT,,6020,不保持,私有,复位超时,,
89,ERR_ILLEGAL_STATE,INT,,6099,不保持,私有,总超时   | 回零总时间超限 | L2,,
90,ERR_FATIGUE_GENERAL,INT,,6100,不保持,私有,老化测试通用错误,,
91,ERR_FATIGUE_PARAM_INVALID,INT,,6101,不保持,私有,老化测试参数无效,,
92,ERR_FATIGUE_TIMEOUT,INT,,6102,不保持,私有,老化测试超时,,
93,ERR_COND_USER_ABORT,INT,,7001,不保持,私有,调理流程用户中止,,
94,ERR_COND_EXTERNAL_ABORT,INT,,7002,不保持,私有,调理流程外部中止,,
95,ERR_COND_PUSHER_POSITION,INT,,7003,不保持,私有,调理流程电推杆位置异常,,
96,ERR_COND_PUSHER_TIMEOUT,INT,,7004,不保持,私有,调理流程电推杆超时,,
97,ERR_COND_CONFIRM_TIMEOUT,INT,,7005,不保持,私有,调理流程确认超时,,
98,ERR_COND_TRIAXIS_FAILED,INT,,7006,不保持,私有,调理流程三轴联动失败,,
99,ERR_COND_LANDING_TIMEOUT,INT,,7007,不保持,私有,调理流程软着陆超时,,
100,ERR_COND_LANDING_FAILED,INT,,7008,不保持,私有,调理流程软着陆失败,,
101,ERR_COND_ESTOP_ACTIVE,INT,,7011,不保持,私有,调理流程中急停激活,,
102,ERR_COND_SYSTEM_NOT_READY,INT,,7012,不保持,私有,调理流程系统未就绪,,
103,ERR_COND_AXES_NOT_ENABLED,INT,,7013,不保持,私有,调理流程轴未使能,,
104,ERR_COND_NOT_AT_INIT,INT,,7014,不保持,私有,调理流程未在初始位,,
105,WORKMODE_CONDITIONING,INT,,1,不保持,私有,调理模式,,
106,WORKMODE_TREATMENT,INT,,2,不保持,私有,治疗模式,,
107,WORKMODE_FATIGUE,INT,,3,不保持,私有,调理老化测试 (复用 Condition 流程),,
108,SOURCE_SYSTEM,INT,,0,不保持,私有,通用/回退来源,,
109,SOURCE_SAFETY,INT,,100,不保持,私有,安全管理模块,,
110,SOURCE_MONITOR,INT,,110,不保持,私有,系统监控模块,,
111,SOURCE_POWER,INT,,120,不保持,私有,电源管理模块,,
112,SOURCE_MODE_MANAGER,INT,,130,不保持,私有,模式管理模块,,
113,SOURCE_TASK_INIT,INT,,200,不保持,私有,初始化任务,,
114,SOURCE_TASK_SELFTEST,INT,,210,不保持,私有,自检任务,,
115,SOURCE_TASK_AUTO,INT,,220,不保持,私有,自动任务,,
116,SOURCE_TASK_SERVICE,INT,,230,不保持,私有,手动任务,,
117,SOURCE_TASK_HOMING,INT,,240,不保持,私有,回零任务,,
118,SOURCE_TASK_RESET,INT,,250,不保持,私有,复位任务,,
119,SOURCE_TASK_CALIBRATE,INT,,260,不保持,私有,校准任务,,
120,SOURCE_EMERGENCY_HOME,INT,,270,不保持,私有,紧急回零任务,,
121,SOURCE_CHEST,INT,,2000,不保持,私有,胸冲击轴,,
122,SOURCE_LEG,INT,,2100,不保持,私有,腿角度轴,,
123,SOURCE_SEAT,INT,,2200,不保持,私有,座扭角轴,,
124,SOURCE_PUSHER,INT,,3000,不保持,私有,电推杆,,
125,ERR_LEVEL_INFO,INT,,0,不保持,私有,立即断电,,
126,ERR_LEVEL_WARNING,INT,,1,不保持,私有,警告级错误,,
127,ERR_LEVEL_CRITICAL,INT,,2,不保持,私有,严重级错误,,
128,PLCOPEN_DISABLED,INT,,0,不保持,私有,PLCopen 未使能,,
129,PLCOPEN_STANDSTILL,INT,,1,不保持,私有,PLCopen 静止,,
130,PLCOPEN_HOMING,INT,,2,不保持,私有,PLCopen 回零中,,
131,PLCOPEN_DISCRETE_MOTION,INT,,3,不保持,私有,PLCopen 点位运动,,
132,PLCOPEN_CONTINUOUS_MOTION,INT,,4,不保持,私有,PLCopen 连续运动,,
133,PLCOPEN_SYNC_MOTION,INT,,5,不保持,私有,PLCopen 同步运动,,
134,PLCOPEN_STOPPING,INT,,6,不保持,私有,PLCopen 停止中,,
135,PLCOPEN_ERROR_STOP,INT,,7,不保持,私有,PLCopen 错误停止,,
136,C_POWER_STAGGER_TIME,DINT,,200,不保持,私有,分时上电间隔(ms),,
137,C_ENABLE_LOST_TIME,DINT,,500,不保持,私有,使能丢失判定时间(ms),,
138,C_RESET_TIMEOUT,DINT,,2000,不保持,私有,默认复位超时(ms),,
139,C_ANTI_PINCH_TIME,DINT,,200,不保持,私有,防夹判定时间(ms),,
140,C_STALL_TIME,DINT,,1000,不保持,私有,堵转判定时间(ms),,
141,C_TAIL_REF_SIGNATURE,INT,,2001,不保持,私有,电推杆参考签名,,
142,C_PARAM_RETAIN_SIGNATURE,INT,,1001,不保持,私有,参数区签名,,
143,C_TAIL_REF_MODE_X10_HC,INT,,0,不保持,私有,,,
144,C_TAIL_REF_MODE_AD_ENCODER,INT,,1,不保持,私有,,,
145,PW_ESTOP_BUTTON,INT,,100,不保持,私有,急停按钮优先级,,
146,PW_COMM_LOSS,INT,,95,不保持,私有,通讯丢失优先级,,
147,PW_ENABLE_LOST,INT,,90,不保持,私有,使能丢失优先级,,
148,PW_ANTI_PINCH,INT,,85,不保持,私有,防夹优先级,,
149,PW_SERVO_FAULT,INT,,80,不保持,私有,伺服故障优先级,,
150,PW_AXIS_ERROR,INT,,70,不保持,私有,轴错误优先级,,
151,PW_LIMIT,INT,,60,不保持,私有,限位优先级,,
152,PW_TIMEOUT,INT,,50,不保持,私有,超时优先级,,
153,PW_PARAM,INT,,30,不保持,私有,参数错误优先级,,
154,ROLE_OPERATOR,INT,,0,不保持,私有,操作员,,
155,ROLE_ENGINEER,INT,,1,不保持,私有,工程师,,
156,ERR_PUSHER_SENSOR_UNCHECKED,INT,,3026,不保持,私有,,,
157,ERR_PARAM_LOCKED,INT,,5004,不保持,私有,,,
158,ERR_COND_AXES_NOT_HOMED,INT,,7015,不保持,私有,,,
159,ERR_DEVICE_ID_LOCKED,INT,,5006,不保持,私有,,,
160,ERR_DEVICE_ID_INVALID,INT,,5005,不保持,私有,,,
161,ERR_DEVICE_ID_WRITE_FAIL,INT,,5007,不保持,私有,,,
